{
  "dataset": "data 3 access point",
  "n_samples": 101,
  "n_features": 13,
  "standardization": {
    "mean": [
      2.3866230882450203,
      12.990099009900991,
      2.0056455304134535,
      0.04564063078655696,
      0.271699504950495,
      0.4501549913389374,
      0.4880361386138615,
      -63.70565843613202,
      -86.87128712871286,
      -41.277227722772274,
      -61.5297550460381,
      -84.72277227722772,
      -38.62376237623762
    ],
    "std": [
      2.697959380540755,
      9.69586525073931,
      1.6153392640950286,
      0.02787938892075721,
      0.17421487536024194,
      0.0953142920772605,
      0.09981695279504238,
      9.846916732734094,
      7.678777963749636,
      9.294008302894987,
      7.345447132203839,
      7.508567795144488,
      24.059271482328107
    ]
  },
  "baseline": {
    "method": "multi-start k-means++ + Lloyd",
    "k": 2,
    "sse": 1122.956275851875,
    "silhouette": 0.3169280812337412,
    "sizes": [
      86,
      15
    ],
    "summary": [
      {
        "cluster": 0,
        "size": 86,
        "clients_mean": 2.148702348137057,
        "clients_max": 12.174418604651162,
        "cpu_mean": 0.04696312592436547,
        "mem_mean": 0.42101261373361387,
        "sig24_mean": -64.35864351401307,
        "sig5_mean": -62.39099439960295
      },
      {
        "cluster": 1,
        "size": 15,
        "clients_mean": 3.7507019981973437,
        "clients_max": 17.666666666666668,
        "cpu_mean": 0.03805832532978815,
        "mem_mean": 0.6172379562761247,
        "sig24_mean": -59.96187732294741,
        "sig5_mean": -56.59198275226625
      }
    ]
  },
  "annealing": {
    "method": "deterministic annealing for k-means SSE",
    "k": 3,
    "sse": 922.9826574554057,
    "silhouette": 0.2111950761873066,
    "sizes": [
      19,
      60,
      22
    ],
    "summary": [
      {
        "cluster": 1,
        "size": 60,
        "clients_mean": 1.8022173724975934,
        "clients_max": 10.883333333333333,
        "cpu_mean": 0.04610811797790414,
        "mem_mean": 0.4382076132081702,
        "sig24_mean": -60.156503564806066,
        "sig5_mean": -60.472991675923794
      },
      {
        "cluster": 2,
        "size": 22,
        "clients_mean": 5.805652608183056,
        "clients_max": 26.954545454545453,
        "cpu_mean": 0.06716605740414006,
        "mem_mean": 0.525227215719549,
        "sig24_mean": -64.14059833474695,
        "sig5_mean": -58.271143393528114
      },
      {
        "cluster": 0,
        "size": 19,
        "clients_mean": 0.27323853594022157,
        "clients_max": 3.473684210526316,
        "cpu_mean": 0.019240177256680122,
        "mem_mean": 0.4009578203638094,
        "sig24_mean": -74.40990130508091,
        "sig5_mean": -68.64003181246325
      }
    ],
    "history": [
      [
        6.0,
        1097.1904498461533
      ],
      [
        5.4,
        1015.7971468363875
      ],
      [
        4.86,
        995.8382566351364
      ],
      [
        4.3740000000000006,
        980.0935775353598
      ],
      [
        3.9366000000000008,
        967.2261428452937
      ],
      [
        3.5429400000000006,
        956.4354757606051
      ],
      [
        3.1886460000000008,
        946.6392318368155
      ],
      [
        2.869781400000001,
        938.9662120982517
      ],
      [
        2.582803260000001,
        932.543507006119
      ],
      [
        2.324522934000001,
        928.2939534001736
      ],
      [
        2.0920706406000007,
        924.7688052563975
      ],
      [
        1.8828635765400006,
        922.9826574554057
      ],
      [
        1.6945772188860007,
        925.1572739898489
      ],
      [
        1.5251194969974007,
        924.3817033423165
      ],
      [
        1.3726075472976607,
        928.6379028281506
      ],
      [
        1.2353467925678947,
        928.9024021774628
      ],
      [
        1.1118121133111052,
        928.6729764604364
      ],
      [
        1.0006309019799946,
        928.5434014652169
      ],
      [
        0.9005678117819952,
        931.6525700315027
      ],
      [
        0.8105110306037957,
        940.9163908416853
      ],
      [
        0.7294599275434162,
        943.5391654915068
      ],
      [
        0.6565139347890746,
        944.0126881603538
      ],
      [
        0.5908625413101671,
        942.9966067103591
      ],
      [
        0.5317762871791505,
        953.2864488829044
      ],
      [
        0.47859865846123545,
        960.2025688999936
      ],
      [
        0.4307387926151119,
        975.7435886828883
      ],
      [
        0.3876649133536007,
        980.0914696112786
      ],
      [
        0.3488984220182406,
        981.3362360216523
      ],
      [
        0.31400857981641656,
        993.7785282940443
      ],
      [
        0.2826077218347749,
        1005.0300595808889
      ],
      [
        0.2543469496512974,
        1019.6603452581613
      ],
      [
        0.22891225468616766,
        1025.754919882224
      ],
      [
        0.2060210292175509,
        1031.0429655333855
      ],
      [
        0.18541892629579582,
        1037.685245205257
      ],
      [
        0.16687703366621623,
        1043.1261264631378
      ],
      [
        0.1501893302995946,
        1045.6295790359243
      ],
      [
        0.13517039726963515,
        1058.5060592065806
      ],
      [
        0.12165335754267163,
        1093.4296310034056
      ],
      [
        0.10948802178840447,
        1094.1601824788522
      ],
      [
        0.09853921960956402,
        1107.0663215584316
      ],
      [
        0.08868529764860762,
        1114.8909584719574
      ],
      [
        0.07981676788374686,
        1116.2640056201349
      ],
      [
        0.07183509109537219,
        1111.8990190329666
      ],
      [
        0.06465158198583497,
        1113.380579483333
      ],
      [
        0.05818642378725147,
        1130.4588981064294
      ],
      [
        0.052367781408526326,
        1133.78476786966
      ],
      [
        0.04713100326767369,
        1138.280611718319
      ],
      [
        0.042417902940906325,
        1137.9774219105086
      ],
      [
        0.038176112646815696,
        1131.2487442353465
      ],
      [
        0.03435850138213413,
        1128.9955706571866
      ],
      [
        0.030922651243920716,
        1123.2101765075804
      ],
      [
        0.027830386119528646,
        1123.2103347699476
      ],
      [
        0.02504734750757578,
        1123.210355426069
      ],
      [
        0.022542612756818202,
        1123.7745826265452
      ],
      [
        0.020288351481136384,
        1165.4195702616455
      ],
      [
        0.018259516333022745,
        1165.424109572914
      ],
      [
        0.01643356469972047,
        1165.4714409147227
      ],
      [
        0.014790208229748424,
        1172.0471672144984
      ],
      [
        0.013311187406773582,
        1193.5020220227732
      ],
      [
        0.011980068666096225,
        1193.5020220228466
      ],
      [
        0.010782061799486603,
        1193.5020217855142
      ]
    ]
  },
  "best_method": "baseline"
}