{
  "dataset": "data 3 access point",
  "n_samples": 287,
  "n_features": 13,
  "standardization": {
    "mean": [
      1.5783618559088795,
      11.203999999999999,
      1.629232059609437,
      0.0315157716055304,
      0.19693113333333329,
      0.45728249965299483,
      0.4965905999999998,
      -63.60676680409841,
      -83.25806451612902,
      -44.33064516129032,
      -58.093797580697895,
      -78.99256505576209,
      -42.05204460966543
    ],
    "std": [
      2.1507105864122895,
      9.220979714702484,
      1.5240045613908308,
      0.024082094150486944,
      0.16166149584222042,
      0.1340033511322231,
      0.12952851569339932,
      6.529928655768648,
      7.7508551704161075,
      7.520805879326996,
      6.840337807113416,
      11.210060366252392,
      16.020595561478864
    ]
  },
  "baseline": {
    "method": "multi-start k-means++ + Lloyd",
    "k": 3,
    "sse": 2803.6365275263142,
    "silhouette": 0.20338330165856872,
    "sizes": [
      86,
      25,
      176
    ],
    "summary": [
      {
        "cluster": 2,
        "size": 176,
        "clients_mean": 0.6904453541023423,
        "clients_max": 7.606090909090909,
        "cpu_mean": 0.01948576827176153,
        "mem_mean": 0.4561627270920987,
        "sig24_mean": -64.57990667318812,
        "sig5_mean": -58.28957379116853
      },
      {
        "cluster": 0,
        "size": 86,
        "clients_mean": 3.2222109316263055,
        "clients_max": 18.627906976744185,
        "cpu_mean": 0.05618063303314908,
        "mem_mean": 0.4582344267204736,
        "sig24_mean": -62.909872759904744,
        "sig5_mean": -57.64810306694606
      },
      {
        "cluster": 1,
        "size": 25,
        "clients_mean": 2.1744532081589556,
        "clients_max": 10.995040000000001,
        "cpu_mean": 0.03135987176425496,
        "mem_mean": 0.4618910693695764,
        "sig24_mean": -59.15317763773296,
        "sig5_mean": -58.24872218629091
      }
    ],
    "dbi": 1.7132605201597306,
    "calinski_harabasz": 46.969573908159674,
    "silhouette_summary": {
      "min": -0.10742873373233017,
      "q25": 0.11929956171203657,
      "median": 0.20926227788375018,
      "q75": 0.3019098637428136,
      "max": 0.4275769626497218,
      "mean": 0.20338330165856872
    }
  },
  "annealing": {
    "method": "deterministic annealing for k-means SSE",
    "k": 3,
    "sse": 2731.390916692512,
    "silhouette": 0.15709313027563415,
    "sizes": [
      88,
      82,
      117
    ],
    "summary": [
      {
        "cluster": 2,
        "size": 117,
        "clients_mean": 0.5984960906881092,
        "clients_max": 7.483863247863247,
        "cpu_mean": 0.018947154276955827,
        "mem_mean": 0.3779807634492198,
        "sig24_mean": -65.01683119457174,
        "sig5_mean": -60.59900939172651
      },
      {
        "cluster": 0,
        "size": 88,
        "clients_mean": 3.380294835767644,
        "clients_max": 18.636363636363637,
        "cpu_mean": 0.0559908880040719,
        "mem_mean": 0.45737714885162134,
        "sig24_mean": -62.728427571453885,
        "sig5_mean": -57.2776456182172
      },
      {
        "cluster": 1,
        "size": 82,
        "clients_mean": 1.0426812742413039,
        "clients_max": 8.53580487804878,
        "cpu_mean": 0.02318306409786664,
        "mem_mean": 0.5703309631452212,
        "sig24_mean": -62.53745361857812,
        "sig5_mean": -55.39515844420949
      }
    ],
    "history": [
      [
        6.0,
        3192.9578403876176
      ],
      [
        5.4,
        3157.0834696933307
      ],
      [
        4.86,
        3120.6830521765305
      ],
      [
        4.3740000000000006,
        3090.4410938350757
      ],
      [
        3.9366000000000008,
        2939.1822473128886
      ],
      [
        3.5429400000000006,
        2786.1929682883297
      ],
      [
        3.1886460000000008,
        2764.015713682828
      ],
      [
        2.869781400000001,
        2750.28558925228
      ],
      [
        2.582803260000001,
        2747.4186150592996
      ],
      [
        2.324522934000001,
        2742.110511523745
      ],
      [
        2.0920706406000007,
        2736.8397282516644
      ],
      [
        1.8828635765400006,
        2733.225622106117
      ],
      [
        1.6945772188860007,
        2731.390916692512
      ],
      [
        1.5251194969974007,
        2733.381990600743
      ],
      [
        1.3726075472976607,
        2734.894230779635
      ],
      [
        1.2353467925678947,
        2737.068196564221
      ],
      [
        1.1118121133111052,
        2736.9893570144386
      ],
      [
        1.0006309019799946,
        2738.353301675803
      ],
      [
        0.9005678117819952,
        2744.3946907609898
      ],
      [
        0.8105110306037957,
        2747.8717101514135
      ],
      [
        0.7294599275434162,
        2753.304109258531
      ],
      [
        0.6565139347890746,
        2771.5770806417804
      ],
      [
        0.5908625413101671,
        2792.871508503206
      ],
      [
        0.5317762871791505,
        2811.6730067007775
      ],
      [
        0.47859865846123545,
        2870.3939500730303
      ],
      [
        0.4307387926151119,
        2878.9822202125133
      ],
      [
        0.3876649133536007,
        2891.773823005613
      ],
      [
        0.3488984220182406,
        2900.9923829163695
      ],
      [
        0.31400857981641656,
        2900.235076076778
      ],
      [
        0.2826077218347749,
        2918.9152664908943
      ],
      [
        0.2543469496512974,
        2936.1749708428288
      ],
      [
        0.22891225468616766,
        2960.1744202153814
      ],
      [
        0.2060210292175509,
        2972.5962174549886
      ],
      [
        0.18541892629579582,
        3090.032513033475
      ],
      [
        0.16687703366621623,
        3182.212123786903
      ],
      [
        0.1501893302995946,
        3222.1968053571222
      ],
      [
        0.13517039726963515,
        3239.8524008921313
      ],
      [
        0.12165335754267163,
        3314.11384990404
      ],
      [
        0.10948802178840447,
        3468.1547465131807
      ],
      [
        0.09853921960956402,
        3484.5096901505276
      ],
      [
        0.08868529764860762,
        3598.6996453705297
      ],
      [
        0.07981676788374686,
        3616.585838555208
      ],
      [
        0.07183509109537219,
        3619.5997745128657
      ],
      [
        0.06465158198583497,
        3645.95190861461
      ],
      [
        0.05818642378725147,
        3696.4363511052375
      ],
      [
        0.052367781408526326,
        3728.3081270711714
      ],
      [
        0.04713100326767369,
        3739.7667766630548
      ],
      [
        0.042417902940906325,
        3744.534691645886
      ],
      [
        0.038176112646815696,
        3763.640176675833
      ],
      [
        0.03435850138213413,
        3824.552603720327
      ],
      [
        0.030922651243920716,
        3821.9322999259657
      ],
      [
        0.027830386119528646,
        3823.715328829899
      ],
      [
        0.02504734750757578,
        3839.1156023737453
      ],
      [
        0.022542612756818202,
        3843.6935238248675
      ],
      [
        0.020288351481136384,
        3909.08028650933
      ],
      [
        0.018259516333022745,
        3882.026978762819
      ],
      [
        0.01643356469972047,
        3901.354757766332
      ],
      [
        0.014790208229748424,
        3901.3550885864106
      ],
      [
        0.013311187406773582,
        3901.3569026192213
      ],
      [
        0.011980068666096225,
        3901.373979036413
      ],
      [
        0.010782061799486603,
        3903.4431154414087
      ]
    ],
    "dbi": 1.8187308981902037,
    "calinski_harabasz": 52.9962389738671,
    "silhouette_summary": {
      "min": -0.20480483451795467,
      "q25": 0.0746550883578416,